direct_exact_match,direct_f1,cot_single_exact_match,cot_single_f1,cot_multi_exact_match,cot_multi_f1,sample_size,direct_ci,cot_single_ci,cot_multi_ci
0.07,0.1404285714285714,0.17,0.2248190839681814,0.14,0.2056583858263565,100,"[0.007282790353301406, 0.0927172096466986]","[0.06408452685446309, 0.19591547314553692]","[0.05630753890765407, 0.18369246109234594]"
0.0,0.1,0.2,0.217391304347826,0.2,0.2117647058823529,5,"[0.0, 0.0]","[-0.1506154588719671, 0.5506154588719672]","[-0.1506154588719671, 0.5506154588719672]"
